timestamp,audio_level,motion_level,scene_change,sentiment,excitement,hype_score,ml_probability,clip_triggered,speech_text
2025-07-14T19:27:12.032201,1.4494529830842358,2.751686725544474,0.0,0.0,0.0,0.0,0.9999878130614174,False,
2025-07-14T19:27:13.415004,0.8474193953939535,1.5282304340205966,0.0,0.0,0.0,0.0,0.9020112732702376,True,
2025-07-14T19:27:16.177186,1.5521034796754996,2.979945625143173,0.0,0.0,0.0,0.0,0.9999976058680782,True,
2025-07-14T19:27:17.588405,1.2954842380416514,1.14685997846723,0.0,0.0,0.0,0.0,0.9812447653518038,True,
2025-07-14T19:27:18.850299,0.8952863875131298,1.1053143901794824,0.0,0.0,0.0,0.0,0.7144205909090331,False,
2025-07-14T19:27:20.087493,0.5981869922121867,0.7653885491925171,0.0,0.0,0.0,0.0,0.07283297023516318,False,
2025-07-14T19:27:21.305555,1.9492579279399693,0.25984496058286977,0.0,0.0,0.0,0.0,0.9945422301986447,False,
2025-07-14T19:27:22.549025,0.11465505712464585,0.5696226809290911,0.0,0.0,0.0,0.0,0.0011299882118960068,False,
2025-07-14T19:27:23.811796,0.5815336234195987,1.797506157371405,0.0,0.0,0.0,0.0,0.7951129178646529,False,
2025-07-14T19:27:25.117276,0.0790174913986621,0.6211775917938193,0.0,0.0,0.0,0.0,0.0010689966450047289,False,
2025-07-14T19:27:26.377033,1.1485478573630243,1.2212607606466195,0.0,0.0,0.0,0.0,0.9604644084317471,False,
2025-07-14T19:27:27.633531,0.13600947349596537,0.5995454944543417,0.0,0.0,0.0,0.0,0.0014799338497579898,False,
2025-07-14T19:27:28.915961,1.5853818654939336,0.10186325959063891,0.0,0.0,0.0,0.0,0.8778924905927035,False,
2025-07-14T19:27:30.154153,0.2832684908442884,1.8577487309439111,0.0,0.0,0.0,0.0,0.36476414972136967,False,
2025-07-14T19:27:31.425645,0.3946303522314991,0.7888381194799726,0.0,0.0,0.0,0.0,0.01951617804619245,False,
2025-07-14T19:27:32.692085,0.7342026478777339,1.2564744569467048,0.0,0.0,0.0,0.0,0.5858925652330225,False,
2025-07-14T19:27:34.038153,1.4427296629494906,1.9025426060163158,0.0,0.0,0.0,0.0,0.9996508366937122,False,
2025-07-14T19:27:35.340086,1.9439375713168912,1.1261970451000223,0.0,0.0,0.0,0.0,0.9998047715321131,True,
2025-07-14T19:27:36.637366,0.6032640513555458,1.759453148687562,0.0,0.0,0.0,0.0,0.7964294140295326,False,
2025-07-14T19:27:37.967724,1.2994763587334905,0.4521865837901361,0.0,0.0,0.0,0.0,0.7825395809909107,False,
2025-07-14T19:27:39.253509,0.26343610118889327,1.072445853411974,0.0,0.0,0.0,0.0,0.022845109899546277,False,
2025-07-14T19:27:40.503845,1.769492032764738,1.9897507113551558,0.0,0.0,0.0,0.0,0.9999762913009218,False,
2025-07-14T19:27:41.789600,1.439912855131414,1.5616887753036712,0.0,0.0,0.0,0.0,0.9986574500600537,True,
2025-07-14T19:27:43.091514,1.840767047156241,2.656854696118592,0.0,0.0,0.0,0.0,0.9999989434305975,True,
2025-07-14T19:27:44.377535,1.9500344108744194,1.487646089518659,0.0,0.0,0.0,0.0,0.9999542709131398,True,
2025-07-14T19:27:47.405527,0.46156527800562586,2.000145354096575,0.0,0.0,0.0,0.0,0.7828442999242781,False,
2025-07-14T19:27:48.986843,1.3233407352883424,2.7658688790791874,0.0,0.0,0.0,0.0,0.9999714336817369,False,
2025-07-14T19:27:50.458134,0.21533942935410133,2.610225548784056,0.0,0.0,0.0,0.0,0.8684484212179129,True,
2025-07-14T19:27:52.109376,1.96337041165881,2.7177926069733886,0.0,0.0,0.0,0.0,0.9999996549900849,True,
2025-07-14T19:27:53.371781,0.4440902976001171,1.0889585381506963,0.0,0.0,0.0,0.0,0.08377206567417911,False,
2025-07-14T19:27:54.666891,0.23226408339533422,1.6639525428475734,0.0,0.0,0.0,0.0,0.15757386786840172,False,
2025-07-14T19:27:55.956933,1.8073248597825684,2.695922447550065,0.0,0.0,0.0,0.0,0.9999988457886074,False,
2025-07-14T19:27:57.317945,0.5834375902824405,1.1958765376762015,0.0,0.0,0.0,0.0,0.27419543447519645,False,
2025-07-14T19:27:58.618298,0.40038069416080013,0.5729849350011641,0.0,0.0,0.0,0.0,0.008870434131386383,False,
2025-07-14T19:27:59.902132,1.0981514625138686,0.00523754369592222,0.0,0.0,0.0,0.0,0.1291704986901394,False,
2025-07-14T19:28:01.310377,0.9741607959628875,0.5429741909288023,0.0,0.0,0.0,0.0,0.33051626946486273,False,
2025-07-14T19:28:02.612550,1.474714565045506,0.46764168821457286,0.0,0.0,0.0,0.0,0.930938413608847,False,
2025-07-14T19:28:03.873154,0.16075614436700048,2.097543189904613,0.0,0.0,0.0,0.0,0.37706093373360833,False,
2025-07-14T19:28:05.133818,0.024933061200258955,2.090670853437955,0.0,0.0,0.0,0.0,0.18156626194138797,False,
2025-07-14T19:28:06.480588,0.8593283091033626,1.465100151148154,0.0,0.0,0.0,0.0,0.8869102094290533,False,
2025-07-14T19:28:07.895368,0.656615959497238,2.5440174271793468,0.0,0.0,0.0,0.0,0.9918658365221493,True,
2025-07-14T19:28:09.189404,1.0952314547659545,2.0571614788222035,0.0,0.0,0.0,0.0,0.9976763458478491,True,
2025-07-14T19:28:10.466628,1.8694733812748348,1.8335006677514611,0.0,0.0,0.0,0.0,0.9999787738878598,True,
2025-07-14T19:28:11.700441,1.1044512510861968,0.085059036945767,0.0,0.0,0.0,0.0,0.17478038918144714,False,
2025-07-14T19:28:12.921080,0.7654088898327196,1.969557018960192,0.0,0.0,0.0,0.0,0.9660625439906002,False,
2025-07-14T19:28:14.154273,1.4361857921742482,0.3828278338538935,0.0,0.0,0.0,0.0,0.8801378951064153,True,
2025-07-14T19:28:15.394562,0.5192955245421147,1.8022305834622023,0.0,0.0,0.0,0.0,0.7164158268142145,False,
2025-07-14T19:28:16.650487,1.812814056411808,0.5675034859235942,0.0,0.0,0.0,0.0,0.995601339511744,False,
2025-07-14T19:28:17.885348,0.7870322807431518,2.3875993640736444,0.0,0.0,0.0,0.0,0.9941321929008117,True,
2025-07-14T19:28:20.521738,0.810765594027631,0.36753030282950716,0.0,0.0,0.0,0.0,0.07146246313824668,False,
2025-07-14T19:28:21.915286,0.733418914864512,2.3777409356548396,0.0,0.0,0.0,0.0,0.9910610425904529,False,
2025-07-14T19:28:23.314577,0.35621114346443417,0.6749481902474544,0.0,0.0,0.0,0.0,0.00959649637279327,False,
2025-07-14T19:28:24.532988,1.5802919130999813,0.009337040633116023,0.0,0.0,0.0,0.0,0.8285875495226759,False,
2025-07-14T19:28:25.769561,1.9691391018412943,2.372687888863248,0.0,0.0,0.0,0.0,0.9999987307850406,True,
2025-07-14T19:28:27.028151,0.35576854482503495,0.9716999963351648,0.0,0.0,0.0,0.0,0.029766818393297385,False,
2025-07-14T19:28:28.243508,0.1912755023102548,2.5035622902332952,0.0,0.0,0.0,0.0,0.785632819106832,False,
2025-07-14T19:28:29.470189,1.924969827151621,2.9632343692391228,0.0,0.0,0.0,0.0,0.9999998251608523,False,
2025-07-14T19:28:30.688357,0.24028862543454999,0.4618733865088186,0.0,0.0,0.0,0.0,0.0018322155640905318,False,
2025-07-14T19:28:31.893646,1.0889249472471842,1.8367506317236497,0.0,0.0,0.0,0.0,0.9942825252077223,False,
2025-07-14T19:28:33.108748,0.384925133600321,2.4421653200388316,0.0,0.0,0.0,0.0,0.9207501342744259,True,
2025-07-14T19:28:34.414500,0.8039624887792594,1.764049171540716,0.0,0.0,0.0,0.0,0.9440453740262318,True,
2025-07-14T19:28:35.636792,0.3961499543197471,1.1730864330516486,0.0,0.0,0.0,0.0,0.08246289590369647,False,
2025-07-14T19:28:36.851388,1.649299599888284,2.3476181551116735,0.0,0.0,0.0,0.0,0.9999860343061473,False,
2025-07-14T19:28:38.064108,0.8785088533190153,0.30223981483645446,0.0,0.0,0.0,0.0,0.08855132943637867,False,
2025-07-14T19:28:39.256116,0.5910574080911233,1.065446872400243,0.0,0.0,0.0,0.0,0.19362683473082434,False,
2025-07-14T19:28:40.529130,1.0677124975767596,1.548210778007996,0.0,0.0,0.0,0.0,0.9798094204045473,False,
2025-07-14T19:28:41.797374,1.6972583280341518,2.57326455396941,0.0,0.0,0.0,0.0,0.9999958924442058,True,
2025-07-14T19:28:43.050838,1.5619689401201111,2.6980310612805853,0.0,0.0,0.0,0.0,0.9999933139427936,True,
2025-07-14T19:28:44.324551,0.39949844597375406,0.4074718936318835,0.0,0.0,0.0,0.0,0.004646012184739863,False,
2025-07-14T19:28:45.709410,0.8516769957651436,1.8567282279107569,0.0,0.0,0.0,0.0,0.9715237603367687,False,
2025-07-14T19:28:47.112340,0.19889768549405717,1.3961038399902028,0.0,0.0,0.0,0.0,0.049285653567625834,False,
2025-07-14T19:28:48.485138,1.1528955142009305,1.3851889321101407,0.0,0.0,0.0,0.0,0.9793654314095678,False,
2025-07-14T19:28:50.141107,0.39294860854744473,1.5102872660058724,0.0,0.0,0.0,0.0,0.24618207942876216,False,
2025-07-14T19:28:51.457249,1.2950570344045478,0.8789100854981025,0.0,0.0,0.0,0.0,0.9483725973744417,False,
2025-07-14T19:28:52.769120,0.3804501426165394,2.7531315799529357,0.0,0.0,0.0,0.0,0.9742067674190317,True,
2025-07-14T19:28:55.180555,1.1069559084559781,0.8286442724525677,0.0,0.0,0.0,0.0,0.7960730767481832,False,
2025-07-14T19:28:56.428178,1.2941650883166271,2.61353174176607,0.0,0.0,0.0,0.0,0.9999362252825647,False,
2025-07-14T19:28:57.710365,0.25581992111973495,2.2614571135510424,0.0,0.0,0.0,0.0,0.6942655622919596,False,
2025-07-14T19:28:59.041170,0.8339001702313784,1.1768890439129938,0.0,0.0,0.0,0.0,0.6800859199820312,False,
2025-07-14T19:29:00.394505,1.575000548530171,0.02159877717488512,0.0,0.0,0.0,0.0,0.8299601904595716,False,
2025-07-14T19:29:01.665210,1.7749612815010054,1.6646026493431765,0.0,0.0,0.0,0.0,0.9999191338445381,True,
2025-07-14T19:29:02.944690,1.2073222519406324,0.8363754083899642,0.0,0.0,0.0,0.0,0.8922532548549125,True,
2025-07-14T19:29:04.237366,0.9498943445685624,2.5851253197317954,0.0,0.0,0.0,0.0,0.9991531541434714,True,
2025-07-14T19:29:05.498722,1.9071324161868808,0.5719901960736862,0.0,0.0,0.0,0.0,0.9978018648715571,True,
2025-07-14T19:29:06.818622,1.4352529123680413,2.0189080926136103,0.0,0.0,0.0,0.0,0.99976578791072,True,
2025-07-14T19:29:08.113105,0.624931808098711,1.6947848570569009,0.0,0.0,0.0,0.0,0.7804202816221976,False,
2025-07-14T19:29:09.378175,0.5531560850793515,1.973812956406332,0.0,0.0,0.0,0.0,0.8627792440406932,False,
2025-07-14T19:29:10.663444,0.8508991468539102,0.5219451054540526,0.0,0.0,0.0,0.0,0.1578432631203261,False,
2025-07-14T19:29:11.907792,1.8075662226388698,0.1333321654401507,0.0,0.0,0.0,0.0,0.9757156154006985,False,
2025-07-14T19:29:13.168577,0.6301228015344262,2.3567615869877105,0.0,0.0,0.0,0.0,0.9798392069149662,True,
2025-07-14T19:29:14.460603,0.3550519411341766,0.5624180932123087,0.0,0.0,0.0,0.0,0.006161085998128533,False,
2025-07-14T19:29:15.692677,0.5889843749969508,0.2973233630974129,0.0,0.0,0.0,0.0,0.01173788064371283,False,
2025-07-14T19:29:17.008461,0.6837163364721237,1.6141788210206922,0.0,0.0,0.0,0.0,0.7985110287667628,False,
2025-07-14T19:29:18.302968,0.6738842382696628,0.9325815485317083,0.0,0.0,0.0,0.0,0.20614577194393058,False,
2025-07-14T19:29:19.578334,0.2243711744786696,2.2499160576687602,0.0,0.0,0.0,0.0,0.6338990513161246,False,
2025-07-14T19:29:20.851528,1.193756074419507,0.7647534825822523,0.0,0.0,0.0,0.0,0.8503617344359804,False,
2025-07-14T19:29:22.106661,1.6095431112668452,1.2625568400166856,0.0,0.0,0.0,0.0,0.998729345742304,True,
2025-07-14T19:29:23.328313,0.48781629816357364,2.376950434039522,0.0,0.0,0.0,0.0,0.9497256909019918,True,
2025-07-14T19:29:25.674511,0.9958379283795844,0.4721745631547102,0.0,0.0,0.0,0.0,0.30456105707511716,False,
2025-07-14T19:29:26.906406,0.9663443439007318,1.2063227316138903,0.0,0.0,0.0,0.0,0.8607414347250922,False,
2025-07-14T19:29:28.160154,1.2919433193360113,2.319990121487774,0.0,0.0,0.0,0.0,0.9997967470079474,True,
2025-07-14T19:29:29.378321,1.7686673015413237,0.7985124243432649,0.0,0.0,0.0,0.0,0.9975377408591103,True,
2025-07-14T19:29:30.594674,0.26985334601661415,1.283584082705017,0.0,0.0,0.0,0.0,0.052778363968829664,False,
2025-07-14T19:29:31.854923,1.5605099787948475,1.9506297004064783,0.0,0.0,0.0,0.0,0.9998758740885565,False,
2025-07-14T19:29:33.190433,0.30519720004565865,0.13939393779739373,0.0,0.0,0.0,0.0,0.0008331441602431699,False,
2025-07-14T19:29:34.637109,1.9357616613016033,0.3895468669037756,0.0,0.0,0.0,0.0,0.9963643072328648,False,
2025-07-14T19:29:36.021085,1.2144140415903746,0.6752217027443729,0.0,0.0,0.0,0.0,0.8230767874293438,True,
2025-07-14T19:29:37.287394,1.6685747651561176,1.237995240538438,0.0,0.0,0.0,0.0,0.9990852110226823,True,
2025-07-14T19:29:38.626958,0.45523070870819393,2.3884017756322784,0.0,0.0,0.0,0.0,0.9398507971868575,True,
2025-07-14T19:29:39.933900,0.18184561054444726,0.1477944221506563,0.0,0.0,0.0,0.0,0.0003546547923656133,False,
2025-07-14T19:29:41.354207,1.6502467275167183,2.9249569474190102,0.0,0.0,0.0,0.0,0.9999985358877295,False,
2025-07-14T19:29:42.633976,0.48921412185983826,0.11685164767646672,0.0,0.0,0.0,0.0,0.002861205308301716,False,
2025-07-14T19:29:43.918172,1.3311084245607945,2.816385913741942,0.0,0.0,0.0,0.0,0.999977810609675,False,
2025-07-14T19:29:45.130605,0.009312818987240457,0.5379557806750667,0.0,0.0,0.0,0.0,0.00046851762598029874,False,
2025-07-14T19:29:46.337173,0.8211792413650045,0.11601669518926494,0.0,0.0,0.0,0.0,0.030204300997720243,False,
2025-07-14T19:29:47.609948,1.9429397698926296,2.089373723545233,0.0,0.0,0.0,0.0,0.9999953805981037,False,
2025-07-14T19:29:48.841730,0.7990357191228599,1.5794480889933937,0.0,0.0,0.0,0.0,0.8880754361716833,True,
2025-07-14T19:29:50.059620,1.5791550224004531,2.831371517174601,0.0,0.0,0.0,0.0,0.999996484822864,True,
2025-07-14T19:29:51.264378,0.931829993153523,1.975682250791743,0.0,0.0,0.0,0.0,0.9897443554750573,True,
2025-07-14T19:29:52.470101,0.8208078805484456,1.7473493563752676,0.0,0.0,0.0,0.0,0.9469373708945845,True,
2025-07-14T19:29:53.777651,0.37616205728901586,2.9563500564350758,0.0,0.0,0.0,0.0,0.9877770321459174,True,
2025-07-14T19:29:56.011783,0.5252986407799924,1.6815029284973853,0.0,0.0,0.0,0.0,0.6223970777250152,False,
2025-07-14T19:29:57.210718,1.1474195964449854,0.7996351389205298,0.0,0.0,0.0,0.0,0.8234646843490946,False,
2025-07-14T19:29:58.402982,1.138108062598849,0.8826045639417119,0.0,0.0,0.0,0.0,0.8576811779133245,True,
2025-07-14T19:29:59.579365,0.7219982008837766,2.508891411607853,0.0,0.0,0.0,0.0,0.9941590232603824,True,
2025-07-14T19:30:00.771950,1.1513934571233906,0.7783302902299551,0.0,0.0,0.0,0.0,0.8154180857050625,True,
2025-07-14T19:30:01.978373,0.46128674909184375,0.7878310641758581,0.0,0.0,0.0,0.0,0.031030258645585392,False,
2025-07-14T19:30:03.168602,0.39691390709095575,0.14921060924108054,0.0,0.0,0.0,0.0,0.00167289257434071,False,
2025-07-14T19:30:04.371121,1.4869917060993603,2.625801782889875,0.0,0.0,0.0,0.0,0.9999848100892187,False,
2025-07-14T19:30:05.569196,0.30492099912829773,0.6760621766877506,0.0,0.0,0.0,0.0,0.006684203862362451,False,
2025-07-14T19:30:06.770936,0.3711838907599858,2.2452317820383807,0.0,0.0,0.0,0.0,0.830158161432339,False,
2025-07-14T19:30:07.969178,0.7952502557029659,0.4909110567152746,0.0,0.0,0.0,0.0,0.10015446719261575,False,
2025-07-14T19:30:09.149467,0.7403627726280406,2.8302052835984,0.0,0.0,0.0,0.0,0.998529250620604,False,
2025-07-14T19:30:10.363428,0.8167505849681533,2.3798444744308096,0.0,0.0,0.0,0.0,0.9951113947137386,True,
2025-07-14T19:30:11.551927,1.4600654118285474,2.115062196884426,0.0,0.0,0.0,0.0,0.9998652579754882,True,
2025-07-14T19:30:12.797947,1.7110635122759785,0.8679597206473018,0.0,0.0,0.0,0.0,0.9971578462934835,True,
2025-07-14T19:30:14.018975,0.023081210823718612,1.0785487259783109,0.0,0.0,0.0,0.0,0.004231356798201678,False,
2025-07-14T19:30:15.226846,0.701807791534466,0.9066217846364145,0.0,0.0,0.0,0.0,0.22294783345560262,False,
2025-07-14T19:30:16.494667,0.07281821551641654,0.7384832719369505,0.0,0.0,0.0,0.0,0.001613576861227076,False,
2025-07-14T19:30:17.733112,1.818277942073543,0.06301405063614596,0.0,0.0,0.0,0.0,0.9705885619576586,False,
2025-07-14T19:30:18.985975,0.7695006895071774,0.6413741526490844,0.0,0.0,0.0,0.0,0.14249536709444696,False,
2025-07-14T19:30:20.179839,0.8423489843253888,2.0169111386541356,0.0,0.0,0.0,0.0,0.9834806019062673,False,
2025-07-14T19:30:21.402641,1.9013422173800116,2.7898601541037564,0.0,0.0,0.0,0.0,0.9999995929011004,True,
2025-07-14T19:30:22.621588,1.980297916819783,0.5283135883385028,0.0,0.0,0.0,0.0,0.9984595084420634,True,
2025-07-14T19:30:23.816622,1.3387616863508394,1.0967165547240563,0.0,0.0,0.0,0.0,0.9832645198799916,True,
2025-07-14T19:30:25.890924,0.46587945020113963,0.36727680123713746,0.0,0.0,0.0,0.0,0.006392839116628624,False,
2025-07-14T19:30:27.138500,0.13683861169761968,2.813886305921889,0.0,0.0,0.0,0.0,0.8924346237735755,False,
2025-07-14T19:30:28.326429,0.8006075261411807,1.5600250678513388,0.0,0.0,0.0,0.0,0.8815186763787032,True,
2025-07-14T19:30:29.507965,0.8620371675777481,0.6687402191361984,0.0,0.0,0.0,0.0,0.26453536210960654,False,
2025-07-14T19:30:30.709657,1.7145060311829368,1.535341809070323,0.0,0.0,0.0,0.0,0.9997933658311069,False,
2025-07-14T19:30:31.930061,1.3387466106675279,0.8838932600288074,0.0,0.0,0.0,0.0,0.9624698563919176,True,
2025-07-14T19:30:33.232013,1.9378801832216703,2.609554904974447,0.0,0.0,0.0,0.0,0.9999993682624101,True,
2025-07-14T19:30:34.569364,0.22235373274721693,2.2742162451207193,0.0,0.0,0.0,0.0,0.6522878500509758,False,
2025-07-14T19:30:35.809296,1.3646174603386438,2.3861606943881295,0.0,0.0,0.0,0.0,0.9999068595356,False,
2025-07-14T19:30:37.048517,1.9928539862641261,0.7009438586152573,0.0,0.0,0.0,0.0,0.9992808835799677,True,
2025-07-14T19:30:38.296880,0.434580098406514,1.4636789121540277,0.0,0.0,0.0,0.0,0.2687148736987879,False,
2025-07-14T19:30:39.511148,0.5779011533859828,0.5923155740344498,0.0,0.0,0.0,0.0,0.03344148442696246,False,
2025-07-14T19:30:40.777606,1.6498743038168289,0.34915385678019706,0.0,0.0,0.0,0.0,0.9676929970127537,False,
2025-07-14T19:30:42.007383,0.036229423258235194,0.08635413397643665,0.0,0.0,0.0,0.0,9.797434062471591e-05,False,
2025-07-14T19:30:43.218173,0.3936802933449224,0.24466933946892733,0.0,0.0,0.0,0.0,0.002368791213713677,False,
2025-07-14T19:30:44.454930,1.185031778432975,0.8277840394756736,0.0,0.0,0.0,0.0,0.8721576398312086,False,
2025-07-14T19:30:45.730067,1.2244877164940902,1.7029559904943428,0.0,0.0,0.0,0.0,0.9963613511210688,True,
2025-07-14T19:30:46.990475,0.7904542304959883,1.0248821927019294,0.0,0.0,0.0,0.0,0.4624817293542379,False,
2025-07-14T19:30:48.296479,1.9820895010262518,1.770703873982701,0.0,0.0,0.0,0.0,0.9999879414161672,False,
2025-07-14T19:30:49.483956,1.9902444919038,1.4572044447591201,0.0,0.0,0.0,0.0,0.9999614454292243,True,
2025-07-14T19:30:50.685489,1.4482510992971087,0.15665567532276514,0.0,0.0,0.0,0.0,0.7684627505374337,False,
2025-07-14T19:30:51.935240,1.378042202922077,2.371234189417722,0.0,0.0,0.0,0.0,0.9999103706125009,False,
2025-07-14T19:30:53.204746,1.8330978337718626,2.0347510312554524,0.0,0.0,0.0,0.0,0.9999874077740724,True,
2025-07-14T19:30:54.390231,0.9375663562448295,0.5806589698936035,0.0,0.0,0.0,0.0,0.3052753758370801,False,
2025-07-14T19:30:55.588059,1.811938314748307,1.3373164536317417,0.0,0.0,0.0,0.0,0.9997782923763175,False,
2025-07-14T19:30:56.789834,0.7695578257478488,1.4250126402718921,0.0,0.0,0.0,0.0,0.778633640731663,False,
2025-07-14T19:30:57.999736,0.5085828143124547,1.3535188726449157,0.0,0.0,0.0,0.0,0.2894830322389939,False,
2025-07-14T19:30:59.201530,1.0525774202508973,0.3497912510096426,0.0,0.0,0.0,0.0,0.2902450914785537,False,
2025-07-14T19:31:00.425900,0.0030823507039283715,0.7801513237762167,0.0,0.0,0.0,0.0,0.0011498109251562114,False,
2025-07-14T19:31:01.647848,1.3998085153622057,2.734534995892087,0.0,0.0,0.0,0.0,0.9999813797900197,False,
2025-07-14T19:31:02.851339,1.3753154265502576,1.907168522732434,0.0,0.0,0.0,0.0,0.9994431919592038,True,
2025-07-14T19:31:05.004170,1.5783003494991448,0.34654036773160424,0.0,0.0,0.0,0.0,0.9465777901387084,True,
2025-07-14T19:31:06.190532,1.6146408267125187,0.39921756588829593,0.0,0.0,0.0,0.0,0.9658148863830867,True,
2025-07-14T19:31:07.439534,1.0476592951504982,1.4461125712351288,0.0,0.0,0.0,0.0,0.9657844420454508,True,
2025-07-14T19:31:08.658425,0.15189572772229565,1.4055263419310542,0.0,0.0,0.0,0.0,0.03693489973642472,False,
2025-07-14T19:31:09.907354,1.9664393612731061,2.1753672689263617,0.0,0.0,0.0,0.0,0.9999972092276685,False,
2025-07-14T19:31:11.141750,0.07031684346524636,1.551798061860141,0.0,0.0,0.0,0.0,0.036331173433606194,False,
2025-07-14T19:31:12.355928,0.8722396240801951,2.9158498969245588,0.0,0.0,0.0,0.0,0.9995915162311745,False,
2025-07-14T19:31:13.637216,0.9485469044520427,0.11446251707216382,0.0,0.0,0.0,0.0,0.07182357784135018,False,
2025-07-14T19:31:14.966152,0.7300856730301131,2.588152991174944,0.0,0.0,0.0,0.0,0.9959455228359623,False,
2025-07-14T19:31:16.261080,1.5336265711189607,0.3721440877963037,0.0,0.0,0.0,0.0,0.9341962852341015,True,
2025-07-14T19:31:17.470661,0.6753110017844053,2.301177215778204,0.0,0.0,0.0,0.0,0.9818754999847912,True,
2025-07-14T19:31:18.676634,1.4822617694411553,2.7644337597300894,0.0,0.0,0.0,0.0,0.9999908410533938,True,
2025-07-14T19:33:59.005575,56.07059067463489,2.6969833234292846,0.0,-0.5106,0.37128999999999995,2.0,1.0,False,that was sick
2025-07-14T19:34:18.877431,53.52170863100006,1.0608737257422323,0.0,0.5859,0.785065,2.3,1.0,True,that was amazing
2025-07-14T19:34:20.162768,55.93114657732017,45.90498288871865,0.437884,-0.1531,0.5764149999999999,2.8,1.0,True,oh my god that was insane
2025-07-14T19:34:39.488244,44.32294536865859,2.871673311249725,0.0,-0.296,0.49639999999999995,2.5,1.0,True,no way that just happened
2025-07-14T19:34:40.720147,43.94911431220502,0.7211909667071941,0.0,0.34,0.619,1.5,1.0,True,what a play
2025-07-14T19:34:59.586948,39.64835057284899,51.670072548642274,0.508694,0.5859,0.785065,2.3,1.0,True,that was amazing
2025-07-14T19:35:00.789987,40.41401272152308,52.77360671985778,0.508694,-0.296,0.49639999999999995,2.5,1.0,True,no way that just happened
2025-07-14T19:35:19.576920,48.13919872490319,0.5359254819553554,0.0,-0.5106,0.37128999999999995,2.0,1.0,True,that was sick
2025-07-14T19:35:20.779623,40.24271969528606,31.873983944707756,0.304407,0.5859,0.785065,2.3,1.0,True,that was amazing
2025-07-14T19:35:21.977681,41.14873981519196,31.916253428643753,0.304407,0.2023,0.6708049999999999,2.5,1.0,True,unbelievable moment
2025-07-14T19:36:02.135773,50.46624240354378,0.21216687153349256,0.0,0.2023,0.6708049999999999,2.5,1.0,True,unbelievable moment
2025-07-14T19:36:03.337038,51.379334575842044,1.7626093949529673,0.0,-0.5106,0.37128999999999995,2.0,1.0,True,that was sick
2025-07-14T19:36:22.737406,50.69562154730377,1.6585527944240446,0.0,-0.296,0.49639999999999995,2.5,1.0,True,no way that just happened
2025-07-14T19:36:23.938032,50.82785332160451,0.2896371477673526,0.0,-0.1531,0.5764149999999999,2.8,1.0,True,oh my god that was insane
2025-07-14T19:36:42.887371,55.51955887123512,0.06684711384802089,0.0,0.0,0.6,2.5,1.0,True,incredible shot
2025-07-14T19:36:44.072069,50.64688286677372,1.8286518711911892,0.0,-0.5106,0.37128999999999995,2.0,1.0,True,that was sick
2025-07-14T19:37:02.413683,55.70631800770298,2.7167247558926717,0.0,-0.5106,0.37128999999999995,2.0,1.0,True,that was sick
2025-07-14T19:37:03.617568,49.64141610399559,1.894681100712648,0.0,-0.1531,0.5764149999999999,2.8,1.0,True,oh my god that was insane
2025-07-14T19:37:04.947214,50.9660039524669,2.4808531375180465,0.0,0.34,0.7489999999999999,2.8,1.0,True,clutch play right there
2025-07-14T19:37:24.043590,49.89373900930397,2.8772793926468516,0.0,0.34,0.619,1.5,1.0,True,what a play
2025-07-14T19:37:25.218033,50.31672238549846,0.9500334226704535,0.0,-0.1531,0.5764149999999999,2.8,1.0,True,oh my god that was insane
2025-07-14T19:37:44.944993,55.09768144741954,1.9801647958960276,0.0,0.34,0.619,1.5,1.0,True,what a play
2025-07-14T19:37:46.171119,54.995930815948114,0.2991347513496746,0.0,-0.5106,0.37128999999999995,2.0,1.0,True,that was sick
2025-07-14T19:38:07.118217,51.16976019170614,1.5819561651712801,0.0,-0.5106,0.37128999999999995,2.0,1.0,True,that was sick
2025-07-14T19:38:28.210769,51.080200278983455,1.7756056752867941,0.0,0.5859,0.785065,2.3,1.0,True,that was amazing
2025-07-14T19:38:50.002012,50.989672484091734,0.4372694645366809,0.0,-0.5106,0.37128999999999995,2.0,1.0,True,that was sick
2025-07-14T19:39:09.175522,50.28434021059951,0.578949382881302,0.0,0.34,0.7489999999999999,2.8,1.0,True,clutch play right there
2025-07-14T19:39:10.365446,51.306047419566035,2.7396401418366847,0.0,-0.5106,0.37128999999999995,2.0,1.0,True,that was sick
2025-07-14T19:39:28.835156,50.86925444221407,2.527618458435754,0.0,0.5859,0.785065,2.3,1.0,True,that was amazing
2025-07-14T19:39:30.042816,50.85517557878497,0.5889291909530049,0.0,0.0,0.6,2.5,1.0,True,incredible shot
2025-07-14T19:39:31.210593,50.53156411144839,2.0415161873503536,0.0,0.2023,0.6708049999999999,2.5,1.0,True,unbelievable moment
2025-07-14T19:39:48.546836,55.755526084036454,0.8578430991436145,0.0,0.0,0.6,2.5,1.0,True,incredible shot
2025-07-14T19:39:49.730233,56.19984547323143,1.1297273575384308,0.0,-0.5106,0.37128999999999995,2.0,1.0,True,that was sick
2025-07-14T19:39:50.919562,56.44810843254005,1.250165712991202,0.0,-0.296,0.49639999999999995,2.5,1.0,True,no way that just happened
2025-07-14T19:39:52.100751,56.72381445701195,2.0463133827918902,0.0,0.5859,0.785065,2.3,1.0,True,that was amazing
2025-07-14T19:40:11.067790,56.67101729841053,2.882160878713722,0.0,-0.5106,0.37128999999999995,2.0,1.0,True,that was sick
2025-07-14T19:40:12.266063,56.626275014206804,1.2711056653506234,0.0,0.5859,0.785065,2.3,1.0,True,that was amazing
2025-07-14T19:45:07.578245,49.7053379991766,1.4995877465889738,0.0,-0.296,0.49639999999999995,2.5,1.0,False,no way that just happened
2025-07-14T19:45:08.841314,50.02718218231214,0.6183833332825817,0.0,0.34,0.7489999999999999,2.8,1.0,True,clutch play right there
2025-07-14T19:45:34.535109,56.4254614523774,0.52409069801157,0.0,0.0,0.6,2.5,1.0,True,incredible shot
2025-07-14T19:45:53.943889,50.14111840688297,0.24651468119599573,0.0,0.34,0.619,1.5,1.0,True,what a play
2025-07-14T19:45:55.144168,50.91943766986256,1.587787265909104,0.0,-0.5106,0.37128999999999995,2.0,1.0,True,that was sick
2025-07-14T19:46:49.817408,51.12201093521181,1.007624428548474,0.0,-0.296,0.49639999999999995,2.5,1.0,False,no way that just happened
2025-07-14T19:46:51.163955,51.130408056526356,1.9806540579146383,0.0,-0.5106,0.37128999999999995,2.0,1.0,True,that was sick
2025-07-14T19:47:13.834074,51.42948319042027,0.3982536110464936,0.0,0.34,0.7489999999999999,2.8,1.0,True,clutch play right there
2025-07-14T19:47:34.710292,49.68520871069658,2.049701164093431,0.0,0.34,0.619,1.5,1.0,True,what a play
2025-07-14T19:47:57.733435,56.332129698775844,0.7362561374701146,0.0,0.0,0.6,2.5,1.0,True,incredible shot
2025-07-14T19:48:19.166586,55.660445917717176,2.459103665388133,0.0,0.34,0.7489999999999999,2.8,1.0,True,clutch play right there
2025-07-14T19:48:40.457357,50.836967314885506,1.151948453505852,0.0,0.34,0.619,1.5,1.0,True,what a play
2025-07-14T19:49:02.327293,51.32425196869328,2.4042676122088804,0.0,0.34,0.619,1.5,1.0,True,what a play
2025-07-14T19:49:24.208837,50.071243869077136,1.9067971569282578,0.0,-0.296,0.49639999999999995,2.5,1.0,True,no way that just happened
2025-07-14T19:49:46.944204,50.90509699869393,2.4637792581082376,0.0,-0.296,0.49639999999999995,2.5,1.0,True,no way that just happened
2025-07-14T19:50:09.687543,51.22194928478583,0.9435244998801869,0.0,0.2023,0.6708049999999999,2.5,1.0,True,unbelievable moment
2025-07-14T19:50:32.664099,55.34428453003748,2.5825069376536303,0.0,0.2023,0.6708049999999999,2.5,1.0,True,unbelievable moment
2025-07-14T19:50:54.654867,56.18510250857555,2.9688367956596835,0.0,0.2023,0.6708049999999999,2.5,1.0,True,unbelievable moment
2025-07-14T19:51:16.954266,56.57779900575145,1.0033896893969736,0.0,0.2023,0.6708049999999999,2.5,1.0,True,unbelievable moment
2025-07-14T19:51:39.586064,54.802281697317824,2.350517263949288,0.0,-0.5106,0.37128999999999995,2.0,1.0,True,that was sick
2025-07-14T20:06:54.613405,55.371403492440585,0.7299921064499356,0.0,0.0,0.0,0.0,1.0,False,
2025-07-14T20:07:14.105927,56.53804733948693,1.1295336510813945,0.0,0.0,0.0,0.0,1.0,True,
2025-07-14T20:07:16.900593,56.67597741612877,1.1103445812560584,0.0,0.0,0.0,0.0,1.0,True,
2025-07-14T20:07:40.196464,56.379244251057564,0.6016660910721161,0.0,0.0,0.0,0.0,1.0,True,
2025-07-14T20:08:04.932532,54.86281106309594,2.823958295378892,0.0,0.0,0.0,0.0,1.0,True,
2025-07-14T20:08:26.760321,49.736733256985644,2.4576780606966455,0.0,0.0,0.0,0.0,1.0,True,
2025-07-14T20:13:30.427527,58.2347585940383,1.0854972464631099,0.0,-0.5994,0.14020999999999997,0.0,1.0,False,"Jetzt ein Gold und bei mir nur Arschrätze, die ganze..."
2025-07-14T20:14:03.743875,69.68203214419447,1.6307439588651642,0.0,0.0,0.35,0.0,1.0,True,"Ich glaub, ich glaub noch mal."
2025-07-14T20:14:37.729292,56.58605631492858,1.8146398168091236,0.0,0.0,0.0,0.0,1.0,True,
2025-07-14T21:03:12.343689,52.30457891078473,37.87435886194432,0.362135,-0.296,0.24639999999999998,0.0,1.0,False,"The room cuts off that, it's because of the rain."
2025-07-14T21:04:18.636663,42.39266407355874,46.43207702365822,0.447145,0.296,0.4536,0.0,1.0,True,Yeah. Same.
2025-07-14T21:05:19.131653,71.99157778843583,2.4370749827658407,0.0,0.0,0.35,0.0,1.0,True,when people use this for a life test.
2025-07-14T21:06:15.565554,75.45022028747974,42.11132535111893,0.408944,0.0,0.35,0.0,1.0,True,That is where Alexa and I
2025-07-14T21:07:16.888120,65.30004378715834,53.02479953799211,0.504824,0.0,0.35,0.0,1.0,True,I know but I'm saying where do we get in the brothers?
2025-07-14T21:08:55.319477,54.35016980708088,57.125937654522474,0.554079,0.7003,0.7151049999999999,1.2,1.0,False,Got it. Have a good one bro. Have a good one.
2025-07-14T21:10:00.260817,46.550724346426556,50.2759543975734,0.496934,0.0,0.0,0.0,1.0,False,
2025-07-14T21:11:01.576651,67.43168571213303,2.4216737438216493,0.0,0.0,0.35,0.0,1.0,True,trying to make this work. Usually people just end the stream.
2025-07-14T21:12:05.523893,43.13441642699472,42.698251986381806,0.401943,0.2732,0.44562,0.0,1.0,True,"Well, Ra la"
2025-07-14T21:13:10.731941,53.05735924700243,49.100626277897746,0.461346,0.0,0.5,1.5,1.0,True,I just got it right. What is in there?
2025-07-14T21:14:26.736392,44.175388903909955,34.93044307350991,0.323338,0.0,0.35,0.0,1.0,True,Once you guys stay on stream with me.
2025-07-14T21:15:31.971551,0.1909057654092674,37.28938984205974,0.364743,0.0,0.0,0.0,1.0,True,
2025-07-14T21:16:33.361650,87.40821391921426,41.72898706031515,0.413165,0.3612,0.47641999999999995,0.0,1.0,True,he finesse me literally was like
2025-07-14T21:52:03.432256,53.79812424642409,0.05791245509919962,0.0,0.0,0.0,0.0,1.0,False,
2025-07-14T21:52:23.258134,47.70471136738545,0.10168007138459922,0.0,0.0,0.0,0.0,1.0,True,
2025-07-14T21:52:26.409096,47.24536325969856,2.9940263213231297,0.0,0.0,0.0,0.0,1.0,True,
2025-07-14T21:52:46.552049,46.44044651395352,2.0671753106416366,0.0,0.0,0.0,0.0,1.0,True,
2025-07-14T21:53:08.683081,47.600785374411906,0.349609410014606,0.0,0.0,0.0,0.0,1.0,True,
2025-07-14T21:53:27.710400,52.43307164209537,1.9461545424261262,0.0,0.0,0.0,0.0,1.0,True,
2025-07-14T21:53:30.932231,53.70870792673185,1.6876426470912052,0.0,0.0,0.0,0.0,1.0,True,
2025-07-14T21:53:50.499319,46.35260137390129,2.045535849020882,0.0,0.0,0.0,0.0,1.0,True,
2025-07-14T21:53:53.462748,46.304803989995705,2.057431380067924,0.0,0.0,0.0,0.0,1.0,True,
2025-07-14T21:54:14.151649,45.82094792204957,1.285406929897752,0.0,0.0,0.0,0.0,1.0,True,
2025-07-14T21:54:38.197059,53.53667688750483,0.4937252294100677,0.0,0.0,0.0,0.0,1.0,True,
2025-07-14T21:54:59.689543,53.849335017360296,1.0904337656368281,0.0,0.0,0.0,0.0,1.0,True,
2025-07-14T21:55:17.605206,46.26149332753806,1.7475307515168856,0.0,0.0,0.0,0.0,1.0,True,
2025-07-14T21:55:20.266225,47.27599201457616,2.626364359787491,0.0,0.0,0.0,0.0,1.0,True,
2025-07-14T21:55:40.588047,46.93540070382931,0.10985329474687955,0.0,0.0,0.0,0.0,1.0,True,
2025-07-14T21:56:03.396356,53.92235815791226,1.6899193378241328,0.0,0.0,0.0,0.0,1.0,True,
2025-07-14T21:57:56.530121,64.25072258275861,2.756797560391715,0.0,0.0,0.0,0.0,1.0,False,
2025-07-14T21:58:15.618935,42.84853068793117,78.46175295623709,0.762965,0.0,0.35,0.0,1.0,True,"Get in, bro."
2025-07-14T21:58:18.285817,56.86221679148841,0.872236272860234,0.0,0.0,0.0,0.0,1.0,True,
2025-07-14T21:58:40.725796,44.80743162886567,1.3466582405380878,0.0,0.0,0.35,0.0,1.0,True,Hello?
2025-07-14T21:59:07.527289,39.160678667578686,0.4287995242952498,0.0,0.6369,0.572915,0.0,1.0,True,The C Big Love.
2025-07-14T21:59:26.187005,67.14368855848312,47.507816344280016,0.46875,0.0,0.0,0.0,1.0,True,
2025-07-14T21:59:30.391668,60.95538336811956,43.20594955607274,0.411162,0.0,0.35,0.0,1.0,True,"Two, five."
2025-07-14T21:59:52.045930,47.258095389016475,1.9064012712267204,0.0,0.0,0.0,0.0,1.0,True,
2025-07-14T22:04:39.736150,45.896946510753544,1.7538526537625252,0.0,0.0,0.0,0.0,1.0,True,
2025-07-14T22:04:58.572000,46.4604503386241,1.7731967240785391,0.0,0.0,0.0,0.0,1.0,True,
2025-07-14T22:05:01.929641,46.93711704229737,1.1687600923229928,0.0,0.0,0.0,0.0,1.0,True,
2025-07-14T22:05:20.197081,53.00019900947312,0.025845561453797572,0.0,0.0,0.0,0.0,1.0,True,
2025-07-14T22:05:23.015954,52.30620450227118,2.950411442204154,0.0,0.0,0.0,0.0,1.0,True,
2025-07-14T22:06:00.076055,46.567932283583296,0.10140958372744113,0.0,0.0,0.0,0.0,1.0,False,
2025-07-14T22:06:03.056364,53.30588293483071,2.08537463640537,0.0,0.0,0.0,0.0,1.0,True,
2025-07-14T22:06:23.164060,47.67425984053833,2.1051763810523334,0.0,0.0,0.0,0.0,1.0,True,
2025-07-14T22:06:47.005840,47.211374256671654,2.0919734154584697,0.0,0.0,0.0,0.0,1.0,True,
2025-07-14T22:07:05.026675,45.86091246377056,0.04702083427084702,0.0,0.0,0.0,0.0,1.0,True,
2025-07-14T22:07:07.755836,47.44504477485755,0.5445614638735811,0.0,0.0,0.0,0.0,1.0,True,
2025-07-14T22:07:28.073373,53.752189470397425,2.5909015626257057,0.0,0.0,0.0,0.0,1.0,True,
2025-07-14T22:10:44.830351,45.83292021355594,2.8141984570980716,0.0,0.0,0.0,0.0,1.0,False,
2025-07-14T22:10:51.012604,46.44242859741859,1.2764382340687523,0.0,0.0,0.0,0.0,1.0,True,
2025-07-14T22:11:12.669224,46.805272426913504,0.9869712158039026,0.0,0.0,0.0,0.0,1.0,True,
2025-07-14T22:11:32.861738,47.37630797766353,2.1678818251130143,0.0,0.0,0.0,0.0,1.0,True,
2025-07-14T22:11:51.363400,45.87200739957749,1.34833338418763,0.0,0.0,0.0,0.0,1.0,True,
2025-07-14T22:11:54.312947,45.81562510801607,2.8681476154517482,0.0,0.0,0.0,0.0,1.0,True,
2025-07-14T22:12:13.246719,46.809131225876314,0.3214763791939731,0.0,0.0,0.0,0.0,1.0,True,
2025-07-14T22:12:16.068738,47.099102676240335,0.07006121132743404,0.0,0.0,0.0,0.0,1.0,True,
2025-07-14T22:12:34.273049,45.89577544588896,0.6089288425648177,0.0,0.0,0.0,0.0,1.0,True,
2025-07-14T22:12:37.150833,46.42140626414667,2.6070189127622156,0.0,0.0,0.0,0.0,1.0,True,
2025-07-14T22:13:17.787558,47.012020379150464,2.3203302479024877,0.0,0.0,0.0,0.0,1.0,True,
2025-07-14T22:13:38.496360,46.22176633341021,0.5107824388084468,0.0,0.0,0.0,0.0,1.0,True,
2025-07-14T22:14:21.170363,46.608484517557244,0.8181886579212683,0.0,0.0,0.0,0.0,1.0,True,
2025-07-14T22:15:06.224990,46.092193706073196,0.48349421350667154,0.0,0.0,0.0,0.0,1.0,True,
2025-07-14T22:15:25.293916,46.97164693904326,1.2111256919910784,0.0,0.0,0.0,0.0,1.0,True,
2025-07-14T22:15:28.140115,46.185876798988524,0.3875008633438124,0.0,0.0,0.0,0.0,1.0,True,
2025-07-14T22:15:56.485434,46.098655133636484,1.1829877993505153,0.0,0.0,0.0,0.0,1.0,True,
2025-07-14T22:16:23.168210,47.6417509799874,2.2563746004586083,0.0,0.0,0.0,0.0,1.0,True,
2025-07-14T22:16:43.976349,47.00952211904304,1.8554634894875874,0.0,0.0,0.0,0.0,1.0,True,
2025-07-14T22:17:25.646413,46.30745934132695,1.8374257292566756,0.0,0.0,0.0,0.0,1.0,True,
2025-07-14T22:17:46.138286,46.86939211899732,0.8013084082753786,0.0,0.0,0.0,0.0,1.0,True,
2025-07-14T22:18:51.712913,37.43375715213322,2.6595234096610962,0.0,0.2263,0.42920499999999995,0.0,1.0,True,Okay. Hey giant�무.
2025-07-14T22:20:53.934649,45.818475406982245,0.16914351020946405,0.0,0.0,0.0,0.0,1.0,True,
2025-07-14T22:20:56.472098,46.75981482382534,2.9770650204563194,0.0,0.0,0.0,0.0,1.0,True,
2025-07-14T22:21:15.060909,46.64813473427089,2.1196952768877346,0.0,0.0,0.0,0.0,1.0,True,
2025-07-14T22:21:17.663251,46.10805271602431,2.074849562522197,0.0,0.0,0.0,0.0,1.0,True,
2025-07-14T22:21:40.901680,46.75968363993345,2.458669770260138,0.0,0.0,0.0,0.0,1.0,True,
2025-07-14T22:22:01.473056,46.944799566866386,0.3896345942963306,0.0,0.0,0.0,0.0,1.0,True,
2025-07-14T22:22:43.140459,47.045333348547814,0.7202711663141776,0.0,0.0,0.0,0.0,1.0,True,
2025-07-14T22:23:23.420127,47.175365523780364,1.4671228760402204,0.0,0.0,0.0,0.0,1.0,True,
2025-07-14T22:23:41.542345,47.55682191608021,1.444486274984428,0.0,0.0,0.0,0.0,1.0,True,
2025-07-14T22:23:44.152717,47.373775427410486,2.4381204541658303,0.0,0.0,0.0,0.0,1.0,True,
2025-07-14T22:24:04.798333,45.82410755297282,1.5647328972158552,0.0,0.0,0.0,0.0,1.0,True,
2025-07-14T22:24:26.727384,46.386125235415186,1.3939149309472927,0.0,0.0,0.0,0.0,1.0,True,
2025-07-14T22:25:11.306069,45.813224548134635,1.7527399487788777,0.0,0.0,0.0,0.0,1.0,True,
2025-07-14T22:25:30.198904,46.781956547205766,2.404437999917125,0.0,0.0,0.0,0.0,1.0,True,
2025-07-14T22:25:33.162170,45.900819624648854,2.9836652535730943,0.0,0.0,0.0,0.0,1.0,True,
2025-07-14T22:26:14.009417,47.39250263095338,0.09153729401428334,0.0,0.0,0.0,0.0,1.0,True,
2025-07-14T22:26:33.022964,46.821396823463246,2.394659895762461,0.0,0.0,0.0,0.0,1.0,True,
2025-07-14T22:26:37.889941,47.527303123163726,2.5912511564813765,0.0,0.0,0.0,0.0,1.0,True,
2025-07-14T22:26:57.988085,46.22060871173758,0.5209520794229018,0.0,0.0,0.0,0.0,1.0,True,
2025-07-14T22:27:18.282937,47.43185456479662,1.069123555259472,0.0,0.0,0.0,0.0,1.0,True,
2025-07-14T22:27:39.012567,47.542506495663496,1.324100237705188,0.0,0.0,0.0,0.0,1.0,True,
2025-07-14T22:27:59.661281,46.856896979327296,2.6786173834519347,0.0,0.0,0.0,0.0,1.0,True,
2025-07-14T22:28:20.138386,47.64339603776931,2.6945300742018463,0.0,0.0,0.0,0.0,1.0,True,
2025-07-14T22:28:40.525689,46.633180440713275,0.663314447988648,0.0,0.0,0.0,0.0,1.0,True,
2025-07-14T22:29:00.811243,45.9875423354071,2.468291430825134,0.0,0.0,0.0,0.0,1.0,True,
2025-07-14T22:29:21.197082,47.55693932089426,0.612239390119929,0.0,0.0,0.0,0.0,1.0,True,
2025-07-15T19:37:36.932944,10.413167719433762,2.3305926254538356,0.0,0.296,0.4536,0.0,1.0,False,"Yeah, I'll try yours."
2025-07-15T19:37:40.179233,46.50996087559227,0.15144081467893555,0.0,0.0,0.35,0.0,1.0,True,"server? No, I don't know"
2025-07-15T19:38:02.109525,67.84893531443358,0.12403480753626961,0.0,0.2732,0.44562,0.0,1.0,True,Oh my god my lashes got it
2025-07-15T19:38:22.494682,31.416126384445754,1.1746777631690932,0.0,0.0,0.35,0.0,1.0,True,Brewer!
2025-07-15T19:38:52.678695,75.32241650632591,1.7169753652456792,0.0,0.0,0.5,1.5,1.0,True,IDESN'T HERE WHAT Fin what's up
2025-07-15T19:39:14.317101,64.5115178671415,1.1935978016025772,0.0,0.0,0.35,0.0,1.0,True,Ledung art consp informação
2025-07-15T19:39:44.730756,51.94988503338629,2.2339023449076048,0.0,0.0,0.35,0.0,1.0,True,bleibt слова
2025-07-15T19:40:11.291082,61.53449210880085,51.96235061410204,0.496274,0.4215,0.49752499999999994,0.0,1.0,True,Bless machen police. Police-
2025-07-15T19:40:28.616038,58.711202940021074,47.350829491470655,0.459311,0.3382,0.46837,0.0,1.0,True,Oh my god!
2025-07-15T19:40:31.405548,68.55602679853321,34.24842367368594,0.334979,0.0,0.5,1.5,1.0,True,What am I looking at?
2025-07-15T19:40:53.459270,71.64707138902857,0.24273458379378599,0.0,0.0,0.35,0.0,1.0,True,100 years
2025-07-15T19:41:35.377539,66.70068360078679,2.3917005763954617,0.0,0.0,0.35,0.0,1.0,True,I'm gifting him my dovetail row.
2025-07-15T19:41:55.255882,31.28145424476663,36.74386099843959,0.35439,0.0,0.5,1.5,1.0,True,Run? What do you mean run?
2025-07-15T19:42:01.728079,32.853972515781656,0.7442305082258989,0.0,0.0,0.35,0.0,1.0,True,뭐Huh?
2025-07-15T19:42:22.344167,38.116726734626674,2.2420593502083164,0.0,0.0,0.35,0.0,1.0,True,Yande! Only this is never...
2025-07-15T20:12:21.266641,53.326767944121826,1.456787602441108,0.0,0.0,0.35,0.0,1.0,False,Danke auch für deinen Reessup im Dritten.
2025-07-15T20:12:48.455488,60.93336510539502,1.398007864268026,0.0,0.0,0.35,0.0,1.0,True,Das geht aber viel größer an.
2025-07-15T20:13:18.758509,70.21999871757289,2.499829114889338,0.0,-0.5994,0.14020999999999997,0.0,1.0,True,Die Treppe ist mega aus.
2025-07-15T20:13:44.074303,67.72621826968984,1.7326410408799005,0.0,0.0,0.35,0.0,1.0,True,Dann kommt man hier rein und ihr blieb ...
2025-07-15T20:14:15.203851,4.755369080597667,2.7912721438972996,0.0,-0.4767,0.18315499999999998,0.0,0.9999999999999991,True,Top die fette Gerälde
2025-07-15T20:14:48.090536,60.47031914462399,2.999710752651421,0.0,0.0,0.35,0.0,1.0,True,"Da kannst du, da kannst du versuchen natürlich, wenn"
2025-07-15T20:15:19.718364,0,0,0,0.0,0.35,0.0,0.00018284756404685713,False,"Komm, wie ist sich gehört?"
2025-07-15T20:15:22.703536,15.614092473844586,0.5572378242720071,0.0,0.0,0.35,0.0,1.0,False,Das ist das Dünste was zu machen kannst.
2025-07-15T20:15:25.672478,15.352248265568175,1.7351117497307302,0.0,0.0,0.35,0.0,1.0,True,Das ist das Dünste was zu machen kannst.
2025-07-15T20:17:14.744057,17.617625895368427,2.649549448867707,0.0,0.0,0.35,0.0,1.0,False,irgendwo auch viele Leute dran gescheitert sind.
2025-07-15T20:17:17.308280,0,0,0,0.0,0.35,0.0,0.00018284756404685713,False,Du fängst ja an.
2025-07-15T20:17:20.210279,0,0,0,0.0,0.35,0.0,0.00018284756404685713,False,Du fängst ja an.
2025-07-15T20:17:23.762589,35.277429292225335,2.9767394706245316,0.0,0.0,0.35,0.0,1.0,False,So ein Jahresabschluss zahlts in auf das Jahr steuern.
2025-07-15T20:17:26.805019,36.0024328322023,1.8112332375084392,0.0,0.0,0.35,0.0,1.0,True,So ein Jahresabschluss zahlts in auf das Jahr steuern.
2025-07-15T20:17:53.312182,55.89033187323059,1.5047282502779753,0.0,0.2263,0.42920499999999995,0.0,1.0,True,"Okay, wir gehen davon aus, dass du diese"
2025-07-15T20:18:20.011449,38.66295257912066,1.5305940414102528,0.0,0.0,0.35,0.0,1.0,True,"Raussalung, wenn du weniger verdienen."
2025-07-15T20:18:49.248654,29.588599495112298,1.0100036153798542,0.0,0.0,0.35,0.0,1.0,True,"Attet haben, ich hatte auch Ausgaben für Streams."
2025-07-15T20:19:18.296173,55.18575194981475,1.8367229965578302,0.0,0.0,0.35,0.0,1.0,True,Wusste man halt das irgendwie?
2025-07-15T20:19:48.548710,0,0,0,0.0,0.35,0.0,0.00018284756404685713,False,Klar Mr. Crypto
2025-07-15T20:19:51.990620,63.446909824411605,2.730180548347229,0.0,0.0,0.35,0.0,1.0,False,"Wir machen jetzt offene Karten, ich kann euch genau ..."
2025-07-15T20:20:26.042594,61.526478078416396,0.181893871150964,0.0,0.0,0.35,0.0,1.0,True,Mehr reingepackter ist oben.
2025-07-15T20:27:57.322653,71.05287557784982,1.3666292145862093,0.0,0.0,0.35,0.0,1.0,False,"Aber wie gesagt, man gewünscht auch immer schnell."
2025-07-15T20:28:28.461075,64.02466628918913,2.904503018852601,0.0,0.0,0.35,0.0,1.0,True,"Deswegen bin ich, dass das im Poster ..."
2025-07-15T20:28:59.068981,41.567232515638494,0.8609921183247933,0.0,0.0,0.35,0.0,1.0,True,"gefühlt, ich bin davon depressiv geworden, weil ich da..."
2025-07-15T20:29:28.531874,66.27984211741402,2.0348863117050953,0.0,0.0,0.35,0.0,1.0,True,Ich versuche euch nur so meine Gefühle.
2025-07-15T20:30:10.870303,47.54408790955583,41.128684672124976,0.386086,0.0,0.35,0.0,1.0,True,Zhang Ich will.
2025-07-15T20:30:34.525491,73.95866661532573,1.4151710367137915,0.0,0.0,0.35,0.0,1.0,True,Das Kopf mir sieht auszuschalten.
2025-07-15T20:31:05.219956,0,0,0,0.0,0.0,0.0,5.393782282300627e-05,False,
2025-07-15T20:31:08.039523,0,0,0,0.0,0.0,0.0,5.393782282300627e-05,False,
2025-07-15T20:31:10.806795,66.77860296652523,0.4702558389817906,0.0,0.0,0.35,0.0,1.0,False,wird auf jeden Fall mit rein spielen
2025-07-15T20:31:40.996727,36.24893373273588,2.4112672766012078,0.0,0.0,0.35,0.0,1.0,True,Ich hab meine eigenen Schatz gedrückt.
2025-07-15T20:32:11.141362,56.731761470562454,1.870226645857589,0.0,0.0,0.35,0.0,1.0,True,geht's also ich kann euch sagen
2025-07-15T20:32:38.851367,0,0,0,0.0,0.0,0.0,5.393782282300627e-05,False,
2025-07-15T20:32:42.121625,35.46179347031931,2.9554502048187152,0.0,-0.8316,0.18894,1.3,1.0,False,"Gibt's denn halt Leute, die ich bezahl, die für mich katten?"
2025-07-15T20:32:44.902809,0,0,0,-0.5994,0.14020999999999997,0.0,2.1226984818531974e-05,False,Ausgaben die
2025-07-15T20:32:47.634362,0,0,0,-0.5994,0.14020999999999997,0.0,2.1226984818531974e-05,False,Ausgaben die
2025-07-15T20:32:50.709247,62.13510856098691,0.9598925526106477,0.0,-0.5994,0.14020999999999997,0.0,1.0,False,die Technik mieten.
2025-07-15T20:33:25.785969,55.2101350933233,1.6849431657226557,0.0,0.0,0.35,0.0,1.0,True,"kiting, örgülüye находится."
2025-07-15T20:34:20.123303,18.80968770597103,0.40666239745583643,0.0,0.0,0.35,0.0,1.0,True,"Das ist ja aussehen, ich sag mal so."
2025-07-15T20:48:27.093046,65.11929727715533,2.7515923408393155,0.0,-0.5994,0.14020999999999997,0.0,1.0,False,Du hast eine Geeklasse 250.000 die ist...
2025-07-15T20:48:56.083020,1.5456866085598626,1.205963621682621,0.0,0.0,0.35,0.0,0.9992600399768244,True,us.
2025-07-15T20:49:27.990641,62.82052285702787,0.45470413775948726,0.0,0.0,0.35,0.0,1.0,True,Ich lehne nicht mal das.
2025-07-15T20:49:59.806278,30.79184154603434,0.6805848184322317,0.0,0.0,0.35,0.0,1.0,True,"Das ist mir ganz übel, ich brauche gleich eine Vormax."
2025-07-15T20:50:31.396834,54.94496171950467,2.8390995584000542,0.0,0.0,0.35,0.0,1.0,True,Gerade wird das Haus in der...
2025-07-15T20:51:03.762865,56.918065200239,0.8000976629223447,0.0,0.4019,0.49066499999999996,0.0,1.0,True,Geld ausgeben für Party
2025-07-15T20:52:39.915764,61.39773239957058,0.6930573675203467,0.0,-0.5994,0.14020999999999997,0.0,1.0,False,Danke für die 5 Subs an den Guides Chat auf Twitter.
2025-07-15T20:53:13.472360,27.107499163002217,1.0231322720952614,0.0,0.0,0.35,0.0,1.0,True,Das ist schnell in Sandgesetz aber.
2025-07-15T20:53:42.171056,49.89409758977122,1.3354227310856195,0.0,0.0,0.35,0.0,1.0,True,Das ist schwierig. Ich glaube das geht schon ...
2025-07-15T20:54:11.939969,43.42997277441971,2.62970223624355,0.0,0.0,0.35,0.0,1.0,True,Ist er nicht der erste der er so gemacht?
2025-07-15T20:54:40.045853,63.57910730233548,1.1955586827577174,0.0,0.0,0.35,0.0,1.0,True,Um viele Content Trader und viele Influen...
2025-07-15T20:55:48.289422,66.46039648169122,0.047554103917716084,0.0,0.0,0.35,0.0,1.0,False,Immer aufs Jahr steuern.
2025-07-15T20:56:20.796775,1.027917390754292,0.4823459860919549,0.0,0.0,0.35,0.0,0.6605256605363248,False,Poweru-Hunad Khan
2025-07-15T20:56:23.761115,46.08258966862732,0.3326905160710155,0.0,0.0,0.35,0.0,1.0,False,Da wieder rauskommens aus...
2025-07-15T20:56:26.795185,48.768656694311,2.1664546928311736,0.0,0.0,0.35,0.0,1.0,True,Dass so diesen Fehler so viele Leute machen.
2025-07-15T20:57:02.204765,48.905314694353336,2.5973108040268844,0.0,0.0,0.35,0.0,1.0,True,zu genießen und überhaupt zu realis.
2025-07-15T20:57:32.868243,66.85864987291818,0.912213026353431,0.0,0.0,0.35,0.0,1.0,True,"No, I'll have to speak to you. OK, it's come."
2025-07-15T20:57:59.371987,38.86884111292954,2.497278025563503,0.0,0.0,0.35,0.0,1.0,True,"So, dass ich nicht mehr Angst haben muss wenn es ..."
2025-07-15T20:58:25.713583,43.40996833248594,2.794350507805171,0.0,0.0,0.35,0.0,1.0,True,Ich selbst stelle mich machst.
2025-07-15T20:58:56.682706,24.107459168874033,1.9718129722472117,0.0,0.0,0.35,0.0,1.0,True,Ich habe an den weitergeleitet haben und ich habe zu ihm Zeit...
2025-07-15T20:59:23.665614,11.357594311330653,1.7224336375989757,0.0,0.0,0.35,0.0,1.0,True,"gewesen, weil ich das in der Schule nicht gelernt habe."
2025-07-15T20:59:55.667493,40.58011381069953,0.2382450569778145,0.0,0.0,0.35,0.0,1.0,True,"Breite mich aufs Leben, Vortiger, ja!"
2025-07-15T21:00:23.785059,59.86196440993303,0.9830828586289098,0.0,0.0,0.35,0.0,1.0,True,Da wären andere Sachen
2025-07-15T21:00:56.716320,55.238967133666655,2.105017898553621,0.0,-0.5994,0.14020999999999997,0.0,1.0,True,"Jory Hose sind schon schlimm, aber die mit dem ..."
2025-07-15T21:01:29.623052,53.1051188012723,0.31150194082521254,0.0,0.0,0.35,0.0,1.0,True,"DIA, das du bei den Science und"
2025-07-15T21:01:59.190458,12.730036570325852,1.1861025221723898,0.0,-0.5994,0.27020999999999995,1.3,1.0,True,"zu bezahlsen das zurück, das heißt die"
2025-07-15T21:02:29.443351,58.70109227487703,0.5048636490073241,0.0,0.0,0.35,0.0,1.0,True,"Das klingt richtig geil, so viel Geld."
2025-07-15T21:02:59.843375,27.927619435257874,2.7300570633056553,0.0,0.0,0.35,0.0,1.0,True,das zu verkaufen.
2025-07-15T21:04:00.034986,61.74980130169097,2.8633249829991603,0.0,0.0,0.35,0.0,1.0,True,Also hab ich so ab ist gesch...
2025-07-15T21:04:58.143132,0,0,0,0.0,0.35,0.0,0.00018284756404685713,False,da geht viel Platz verloren.
2025-07-15T21:05:00.911404,0,0,0,0.0,0.35,0.0,0.00018284756404685713,False,da geht viel Platz verloren.
2025-07-15T21:05:09.910689,62.72948244685207,1.525182574227309,0.0,-0.25,0.26249999999999996,0.0,1.0,False,Ga ait buna düşsün. Woman propaganda
2025-07-15T21:08:00.489947,62.800944565735485,33.221947963042034,0.312791,-0.5267,0.165655,0.0,1.0,False,By another stupid message truck.
2025-07-15T21:08:32.013443,11.599993425958388,1.8335214067850505,0.0,0.0,0.35,0.0,1.0,True,Hahah
2025-07-15T21:08:59.117498,37.242737766708714,2.3949852563547687,0.0,0.0,0.35,0.0,1.0,True,Es kennengelernt ansonsten haben wir irgendwie...
2025-07-15T21:09:29.817826,50.06296990817387,1.633608267104056,0.0,0.0,0.35,0.0,1.0,True,Bei der besten Freund sagt immer...
2025-07-15T21:09:59.995748,64.80851454540642,47.48688097901814,0.448959,0.0,0.35,0.0,1.0,True,Leine wieder eine Augen jetzt dadurch leuchend.
2025-07-15T21:10:34.781124,61.85886244236872,0.604433605674739,0.0,-0.34,0.46099999999999997,2.3,1.0,True,"Das ist Crazy, du guckst auch, dass Leute fishen immer noch fahren."
2025-07-15T21:15:14.547111,29.489979962323428,1.815731911337708,0.0,0.2263,0.42920499999999995,0.0,1.0,False,"zu geretten. Okay, dann doch."
2025-07-15T21:15:17.750160,39.21937305800534,1.7373734314590878,0.0,0.0,0.35,0.0,1.0,True,Bei Jahre uns dabei gelitten.
2025-07-15T21:15:48.175901,53.67081751893077,1.9187292112629128,0.0,0.0,0.35,0.0,1.0,True,Egal wie auswechsl los.
2025-07-15T21:16:17.329593,43.93630334278947,1.9884158352386299,0.0,0.0,0.35,0.0,1.0,True,und wie geht es gar nicht so?
2025-07-15T21:16:49.737977,12.846727813617328,1.2296685090107848,0.0,-0.296,0.24639999999999998,0.0,1.0,True,"ためgar, so. there is no"
2025-07-15T21:19:46.183512,68.77146117558509,0.996659611015845,0.0,0.0,0.35,0.0,1.0,False,You're a genius. You're a genius.
2025-07-15T21:20:06.568485,45.464930359750554,1.6486898194678403,0.0,0.0,0.35,0.0,1.0,True,Hire him.
2025-07-15T21:20:26.877534,60.59271678171141,67.4637775910046,0.649784,-0.5267,0.165655,0.0,1.0,True,You just fought a bull with some shit like that.
2025-07-15T21:20:46.954816,47.742666875466995,36.15033901936538,0.351979,0.0,0.35,0.0,1.0,True,Look at how your nibbles grow.
2025-07-15T21:21:09.274081,35.98223122918341,0.016864013974839054,0.0,0.296,0.4536,0.0,1.0,True,Yeah
2025-07-15T21:21:28.095256,54.3342127474289,2.820015614737114,0.0,0.0,0.35,0.0,1.0,True,"After that, the..."
2025-07-15T21:21:30.816235,54.23605517021147,0.5696118446268112,0.0,0.0,0.35,0.0,1.0,True,"After that, the..."
2025-07-15T21:21:53.889554,47.139701575634405,61.298771418245906,0.590015,0.0,0.35,0.0,1.0,True,와 미세야..
2025-07-15T21:25:42.128518,42.284892324038665,0.06995848686005668,0.0,0.0,0.5,1.5,1.0,False,NIGGLE CURRY
2025-07-15T21:25:45.412887,48.282178755287205,48.443389348137316,0.479406,0.6652,0.58282,0.0,1.0,True,"And then the crew can be 58, but if he's playing like..."
2025-07-15T21:26:06.981355,62.30824218473644,38.15608557862861,0.37636,0.0,0.35,0.0,1.0,True,Hello?
2025-07-15T21:26:52.458564,47.847075145134475,33.95852357667961,0.337306,0.0,0.35,0.0,1.0,True,アガヨヨヨ
2025-07-15T21:27:07.408504,65.7307305041223,63.842628964119136,0.614959,0.0,0.5,1.5,1.0,True,on the table. That's what made it all
2025-07-15T21:27:10.109724,51.10317699707936,64.52498352286916,0.627508,0.0,0.0,0.0,1.0,True,
2025-07-15T21:27:12.702485,50.215125193152545,63.150353915157126,0.627508,0.0,0.0,0.0,1.0,True,
2025-07-15T21:27:30.025791,43.39511684820402,0.8601658011005922,0.0,0.0,0.35,0.0,1.0,True,"Come on, Gras!"
2025-07-15T21:27:32.669952,38.47326140064045,0.6152562618216694,0.0,0.0,0.0,0.0,1.0,True,
2025-07-15T21:27:45.841584,49.36039910969146,33.16492921058464,0.310246,0.0,0.35,0.0,1.0,True,끝
2025-07-15T21:28:06.755400,55.036128619880685,33.56592774827558,0.315653,0.0,0.35,0.0,1.0,True,hue throat
2025-07-15T21:28:27.431222,37.687409646419745,34.14939232037871,0.3373,0.296,0.4536,0.0,1.0,True,Yeah.
2025-07-15T21:28:52.414115,23.92540972474619,34.273053312993326,0.336983,0.0,0.35,0.0,1.0,True,It's probably on the side light.
2025-07-15T21:29:13.542101,69.63163346464184,1.0150245781755096,0.0,0.0,0.35,0.0,1.0,True,He's doing something with Chris.
2025-07-15T21:29:36.311958,28.255472367922383,38.054056658706365,0.372923,0.0,0.35,0.0,1.0,True,us Trumps.
2025-07-15T21:30:17.794965,32.941312931700054,2.4535072420885866,0.0,0.0,0.0,0.0,1.0,True,
2025-07-15T21:30:43.391864,39.86987655749216,33.23058204227068,0.314734,0.0,0.35,0.0,1.0,True,Hmmm.
2025-07-15T21:35:13.693149,65.83344492168102,2.8941685456360515,0.0,0.0,0.35,0.0,1.0,False,Ah und dann somäßig sagt man der
2025-07-15T21:36:45.829873,52.987227202435264,64.2377757458759,0.639735,0.0,0.35,0.0,1.0,True,"wirklich für dich lohnt, erst dann kostet es"
2025-07-15T21:38:01.572276,26.676362359845314,0.6204877826986004,0.0,0.0,0.35,0.0,1.0,False,스무
2025-07-15T21:38:11.119627,78.4031515825539,2.6269726667410933,0.0,0.0,0.35,0.0,1.0,True,"No, no, no, no, no, no, this is the AMP."
2025-07-15T21:44:45.752682,40.913923058759494,0.706635139539918,0.0,0.0,0.35,0.0,1.0,False,and in the crew boat.
2025-07-15T21:44:53.089403,0.61054266335583,0.7363461402877457,0.0,0.0,0.0,0.0,0.071213082640995,False,
2025-07-15T21:44:56.521446,1.8394373337448993,0.3775803330238471,0.0,0.0,0.0,0.0,0.9924141391995774,False,
2025-07-15T21:45:00.060784,68.1505744942314,1.2044366921623753,0.0,0.0,0.0,0.0,1.0,True,
2025-07-15T21:45:59.984588,1.0446123561890497,2.7933357718530756,0.0,0.0,0.0,0.0,0.9998094410429987,True,
2025-07-15T21:46:42.093477,53.0044022606383,1.8508955233559425,0.0,0.0,0.0,0.0,1.0,True,
2025-07-15T21:47:21.187617,1.1079673641450614,0.7500799690033393,0.0,0.0,0.0,0.0,0.7433056233370784,False,
2025-07-15T21:47:25.168434,1.830581946226739,0.7987087466552614,0.0,0.0,0.0,0.0,0.9984224795947407,False,
2025-07-15T21:47:29.573402,0.6845549574364547,1.517252365556916,0.0,0.0,0.0,0.0,0.7321479679308797,False,
2025-07-15T21:47:33.205106,1.4042618803174127,1.2541000691067221,0.0,0.0,0.0,0.0,0.9942765544571737,False,
2025-07-15T21:49:20.879386,59.14790249379067,1.1579773726626,0.0,0.0,0.35,0.0,1.0,True,"Hey, you further, hey!"
2025-07-15T22:04:39.076377,7.95113375537901,43.59743113542924,0.420898,0.0,0.0,0.0,1.0,False,
2025-07-15T22:06:23.113847,0.9940522547855652,1.4886788310913486,0.0,0.0,0.0,0.0,0.957728510758606,True,
2025-07-15T22:07:29.179940,35.35443963969076,35.719232321890296,0.34268,0.0,0.35,0.0,1.0,True,me show to the
2025-07-15T22:09:06.743664,6.246147111776823,1.1407844423329787,0.0,0.0,0.0,0.0,1.0,True,
2025-07-15T22:10:41.425928,20.581571518622216,1.5143652397074518,0.0,0.0,0.0,0.0,1.0,True,
2025-07-15T22:11:39.151130,7.880574831853773,1.5000219297231165,0.0,0.0762,0.37667,0.0,1.0,True,That's not hard.
2025-07-15T22:13:17.568084,11.237895169634806,46.62812843586922,0.452251,0.0,0.0,0.0,1.0,True,
2025-07-15T22:15:06.450951,4.631837130609977,41.229155064498094,0.39442,0.0,0.35,0.0,1.0,True,This is the one thing I have to figure out.
2025-07-15T22:16:28.731801,7.416663478043368,1.544257731124615,0.0,-0.1335,0.303275,0.0,1.0,True,little bit empty end.
2025-07-15T22:18:18.036950,1.8683028290290669,31.326388018765805,0.31274,0.0,0.0,0.0,1.0,True,
2025-07-15T22:19:50.363208,1.642544301355793,2.381527559705626,0.0,0.0,0.0,0.0,0.9999871527633087,True,
2025-07-15T22:23:08.881895,33.532826606601496,1.5508066287930975,0.0,0.0,0.35,0.0,1.0,True,und alles.
2025-07-15T22:24:55.594190,0.32322952818779416,0.6054602724449046,0.0,0.0,0.0,0.0,0.005797107611290685,False,
2025-07-16T15:42:08.053384,53.29690963560866,1.7890190783394102,0.0,0.0,0.35,0.0,1.0,False,Simon French though.
2025-07-16T15:43:27.878906,48.45229686788123,0.5421083570303433,0.0,0.0,0.35,0.0,1.0,True,Contacts how how how
2025-07-16T15:44:29.746319,0.10485736710359839,1.0453032565923026,0.0,0.0,0.35,0.0,0.022284790294701786,False,of any reasonable time horizon.
2025-07-16T15:44:32.839148,31.597079778001,2.781645784394868,0.0,0.0,0.5,1.5,1.0,False,but a departure from what we've heard before.
2025-07-16T15:44:40.152114,30.96868254570384,2.077174633211505,0.0,0.0,0.5,1.5,1.0,True,but a departure from what we've heard before.
2025-07-16T15:45:41.202801,28.454496552221507,1.6635653849367582,0.0,0.3612,0.47641999999999995,0.0,1.0,True,does feel rather like
2025-07-16T15:46:56.755547,51.82098846419512,0.1569639911496692,0.0,-0.3716,0.21994,0.0,1.0,True,This one one thinks back at the financial crisis but
2025-07-16T15:48:13.790243,7.949483287910743,35.71631737374468,0.355622,0.6115,0.5640249999999999,0.0,1.0,True,"I mean people, it's been very happy with..."
2025-07-16T15:49:22.485143,21.825277380005243,2.146591468302265,0.0,-0.3252,0.23618,0.0,1.0,True,He are not liked in the city.
2025-07-16T15:50:23.525017,40.9187771457196,0.40512670761650305,0.0,-0.1027,0.314055,0.0,1.0,True,Hard working and very...
2025-07-16T15:51:44.519177,62.12486295140487,1.0355245965887705,0.0,0.0,0.35,0.0,1.0,True,Fantasticly as I understand.
2025-07-16T15:52:58.299765,43.07256262646373,1.9788468873988354,0.0,-0.3818,0.21637,0.0,1.0,True,places that we'll have with fight.
2025-07-16T15:54:14.963499,44.764806714532156,2.8702200845969896,0.0,0.34,0.469,0.0,1.0,True,Engage with them all morning long.
2025-07-16T15:55:45.470562,23.53375500557586,1.0980731574836398,0.0,0.0,0.5,1.5,1.0,True,of whatthe
2025-07-16T15:57:04.133622,47.35938073008406,0.9487663951065328,0.0,0.4404,0.68414,1.8,1.0,True,"No inflation, we're going to great show."
2025-07-16T15:58:19.350756,50.00402354274807,0.3173539543096807,0.0,0.0,0.35,0.0,1.0,True,is him.
2025-07-16T15:59:35.263767,37.05762212606164,1.2142829096556211,0.0,-0.296,0.3964,1.5,1.0,True,"You have to do, you know what to do? Lower it."
2025-07-16T16:01:02.581634,42.31025030512809,1.9365878401002588,0.0,0.4939,0.522865,0.0,1.0,True,And it was just pretty.
2025-07-16T16:02:23.322477,24.363389014896264,1.151175754204946,0.0,0.4215,0.49752499999999994,0.0,1.0,True,The United States and Divered those two.
2025-07-16T16:03:48.079425,26.97312606855983,0.7093128686814669,0.0,0.0772,0.37701999999999997,0.0,1.0,True,First sentence is really...
2025-07-17T20:52:18.150112,24.812034427066312,1.8337883910580515,0.0,0.0,0.35,0.0,1.0,False,For less than 11.
2025-07-17T20:52:23.150159,30.609321450702435,2.0449975002984204,0.0,0.0,0.35,0.0,1.0,True,"PC, SXP."
2025-07-17T20:54:08.056914,53.73488914254559,1.7143529570595057,0.0,0.0,0.35,0.0,1.0,True,The hogs is fattening.
2025-07-17T20:56:23.812107,37.38521062131489,2.5224439472354896,0.0,0.0,0.35,0.0,1.0,True,Trevor's sxmate
2025-07-17T20:58:31.962343,51.835407048023136,0.83934986016369,0.0,0.0,0.35,0.0,1.0,True,with 11 falls and
2025-07-17T21:00:24.838777,16.63809857076572,0.5501545541916335,0.0,0.0,0.35,0.0,1.0,True,Right way for the ss
2025-07-17T21:02:08.445556,1.5793166119975837,0.19256604159935198,0.0,0.0,0.0,0.0,0.9073966583646587,True,
2025-07-17T21:03:45.526408,1.6580605109602706,2.0863375348869537,0.0,0.0,0.0,0.0,0.9999637234455487,True,
2025-07-17T21:05:31.285627,1.7012258457855454,2.7303272944693147,0.0,0.0,0.0,0.0,0.999997834650802,True,
2025-07-17T21:07:08.709642,0.9811302899010212,1.6604919390855066,0.0,0.0,0.0,0.0,0.9757942933623496,True,
2025-07-17T21:09:12.912744,1.0832137620528672,1.9398856983601578,0.0,0.0,0.0,0.0,0.9960065289285355,True,
